m;p0;p0_err;p1;p1_err;p2;p2_err;p3;p3_err;p4;p4_err;p5;p5_err;p6;p6_err;p7;p7_err;p8;p8_err;p9;p9_err;p10;p10_err;h1;h1_err;h2;h2_err;h3;h3_err;h4;h4_err;h5;h5_err;h6;h6_err
2;1.50240038e+01;1.34250332e-03;4.47700002e+02;3.76656455e+03;6.36237811e+01;3.60731373e+03;-4.58169746e+02;6.95491394e+03;-1.39279528e+02;1.95161421e+03;1.21789309e+03;6.16624954e+03;-2.69230683e+03;1.46583639e+04;3.47286088e+03;1.89915595e+04;-2.70709920e+03;1.48042523e+04;1.17726185e+03;6.47186320e+03;-2.19312067e+02;1.21916469e+03;2.88322768e+01;2.50672872e+02;-2.27435961e+01;3.99925449e+02;;;;;;;;
3;1.50239904e+01;1.34404561e-03;1.16044940e+03;1.24785589e+04;-9.61197462e+02;1.57715804e+03;-1.70730351e+03;9.96325782e+03;1.05151983e+03;1.10286194e+04;1.75660580e+03;1.09689205e+04;-5.02892796e+03;2.41471266e+04;6.75294758e+03;2.80403152e+04;-5.31572752e+03;2.17055724e+04;2.32339364e+03;1.08156167e+04;-4.35165995e+02;2.46701231e+03;7.62683728e+01;8.30492617e+02;-1.36298846e+02;6.91546474e+02;4.35805885e+01;5.79964259e+02;;;;;;
4;1.50240236e+01;1.33820437e-03;6.89450940e+02;6.87420188e+03;-2.19401145e+03;1.05887555e+05;1.92809388e+03;1.84625954e+05;2.47220501e+03;5.72386234e+04;-4.26070657e+03;4.34531872e+05;-9.49282680e+02;5.12526572e+04;3.90067993e+03;2.25591249e+05;-3.81842047e+03;3.07479023e+05;1.83704494e+03;1.80836256e+05;-3.64870657e+02;4.20299428e+04;4.49231493e+01;4.57517201e+02;-1.88462237e+02;6.75596779e+03;3.24922896e+02;1.85528276e+04;-2.12011697e+02;2.38009829e+04;;;;
5;1.50239628e+01;1.34339896e-03;-5.31297803e+02;2.33085634e+04;5.63418003e+04;1.54900454e+05;-2.27616454e+05;1.81312468e+06;1.03724653e+05;4.66107870e+06;4.14661440e+05;4.56416083e+06;-3.12629991e+05;5.48083986e+06;8.95952721e+04;2.37548405e+06;2.04758479e+04;8.89157644e+05;-3.24755773e+04;5.24240348e+05;9.51465916e+03;1.59604417e+05;-3.63317685e+01;1.55126432e+03;3.78579739e+03;1.08022383e+04;-1.88056326e+04;1.11091279e+05;2.66312586e+04;4.12778925e+05;-6.75973090e+03;1.74056395e+05;;
6;1.50240037e+01;1.34339134e-03;3.75408292e+03;7.37127629e+04;-1.64933083e+04;2.55457781e+05;7.96998931e+03;1.80314067e+05;3.29859639e+04;6.07641238e+05;-1.10908719e+04;4.77429706e+05;-1.62664564e+04;7.25901596e+05;-3.50036966e+03;3.98185631e+05;-5.10281614e+03;1.47205168e+05;2.68331259e+03;5.45869847e+04;-4.81368581e+02;9.79793585e+03;2.48894645e+02;4.90603482e+03;-1.33566822e+03;2.15966052e+04;1.91171445e+03;2.19478363e+04;-1.97975687e+02;1.66337276e+04;2.49307251e+02;3.05581312e+04;-1.09713167e+03;3.45637488e+04
