m;p0;p0_err;p1;p1_err;p2;p2_err;p3;p3_err;p4;p4_err;p5;p5_err;p6;p6_err;p7;p7_err;p8;p8_err;p9;p9_err;p10;p10_err;p11;p11_err;p12;p12_err;h1;h1_err;h2;h2_err;h3;h3_err
2;1.50239894e+01;1.34419200e-03;1.51451150e+04;3.12876793e+06;1.96296046e+04;3.86720940e+06;-1.57320435e+03;1.35876761e+06;3.24711851e+03;1.15721926e+06;-2.60845990e+04;6.61627909e+06;9.68724979e+04;2.52457759e+07;-1.65970253e+05;5.13519374e+07;9.30830070e+04;6.13076130e+07;1.22366438e+05;5.77661983e+07;-2.43010620e+05;5.43328573e+07;1.57558929e+05;3.11309751e+07;-3.73405003e+04;7.18441371e+06;1.00703201e+03;2.08238187e+05;3.42052308e+02;9.19161334e+04;;
3;1.50243480e+01;1.19984599e-03;-2.48221778e+01;2.16670061e+02;-9.23283068e+01;6.83251079e+02;1.13196773e+02;8.59834511e+01;1.29770624e+02;1.15753813e+03;1.43883191e-02;4.92449744e+00;-1.31143998e+02;1.08895879e+03;1.97760141e+02;1.79991136e+03;-1.24349423e+02;1.75173475e+03;1.04773740e+01;1.36374051e+03;2.07278151e+01;9.63330350e+02;-1.88006219e+00;4.60838604e+02;-2.95350127e+00;9.93177233e+01;-2.61192172e+00;1.44165179e+01;-3.19811154e+00;5.91190767e+01;9.16573550e+00;6.15777660e+01
