m;num_parameters;r_squared;chi_squared;reduced_chi_squared;aic;bic;max_abs_stud_resid;max_abs_residual_mK;sum_of_absolute_residuals;durbin_watson;bp_lm_stat;bp_p_value
2;15;0.9999999891144702;3.2669572096286172;0.11265369688374542;-680.6152691817906;-653.8524246730167;3.053497244222737;0.9306331825769121;0.009131859512796936;2.0425191714460356;12.606423918451407;0.3982840979797358
3;16;0.9999999889526487;2.493522977379219;0.08905439204925782;-677.9659908120801;-649.418956669388;3.053497244222737;0.8712933664192235;0.009728690451883182;2.0691416153648805;13.116875588745117;0.3606032353793485
