m;num_parameters;r_squared;chi_squared;reduced_chi_squared;aic;bic;max_abs_stud_resid;max_abs_residual_mK;sum_of_absolute_residuals;durbin_watson;bp_lm_stat;bp_p_value
2;7;0.9999999979465763;52.766717297695564;7.538102471099366;-236.97474531538796;-232.50134400808116;7.062037316839806;0.40872836307848104;0.0011160979664417425;1.6325537329575168;2.68510218763885;0.6118240442130694
